id товара;наименование;ссылка на товар;промо цена;регулярная цена;бренд
642122;Кофе Nescafe Gold растворимый сублимированный с добавлением натурального жареного молотого кофе, 750г;https://online.metro-cc.ru/products/nescafe-s-dobavleniem-naturalnogo-zharenogo-molotogo-gold-750g;1 599;2 399;NESCAFE
122743;Кофе Nescafe Gold растворимый сублимированный с добавлением натурального жареного молотого кофе, 900г;https://online.metro-cc.ru/products/kofe-nescafe-gold-rastvorimiy-sublimirovanniy-s-dobavleniem-naturalnogo-zharenogo-molotogo-kofe-900g;2 269;2 269;NESCAFE
407889;Кофе Bushido Original растворимый, 100г;https://online.metro-cc.ru/products/bushido-sublimirovannyj-original-100g;649;899;BUSHIDO
287768;RIOBA Кофе в зернах натуральный жареный 100% арабика Espresso, 1кг;https://online.metro-cc.ru/products/rioba-v-zernah-naturalnyj-zharenyj-100-arabika-espresso-1kg;1 199;1 529;RIOBA
580564;Кофе Egoiste Arabica Premium натуральный жареный в зернах, 1кг;https://online.metro-cc.ru/products/egoiste-v-zernah-naturalnyj-zharenyj-arabica-premium-1kg;1 499;2 099;EGOISTE
598958;Кофе Bushido Kodo растворимый, 95г;https://online.metro-cc.ru/products/bushido-v-kristallah-kodo-95g;649;989;BUSHIDO
112993;Кофе Egoiste трюфель крема в зернах, 1кг;https://online.metro-cc.ru/products/kofe-v-zernah-egoiste-tryufel-krema-1kg;1 599;2 199;EGOISTE
427833;Кофе Lavazza Qualita Oro натуральный жареный в зернах, 1кг;https://online.metro-cc.ru/products/v-zernah-lavazza-naturalnyj-zharenyj-qualita-oro-1kg;2 249;2 249;LAVAZZA
546341;Кофе Ambassador Nero Espresso Roast в зернах, 1кг;https://online.metro-cc.ru/products/ambassador-v-zernah-naturalnyj-zharenyj-nero-1kg;799;899;AMBASSADOR
287769;RIOBA Кофе в зернах натуральный жареный 80:20, 1кг;https://online.metro-cc.ru/products/rioba-v-zernah-naturalnyj-zharenyj-gold-1kg;1 149;1 529;RIOBA
59002;Кофе Bushido Sensei молотый, 227г;https://online.metro-cc.ru/products/art-59002;739;739;BUSHIDO
59409;Кофе Fresco Arabica Solo в зернах, 1кг;https://online.metro-cc.ru/products/fresco-arabica-solo-v-zernah-1000-g;1 149;1 299;FRESCO
123742;Кофе Nescafe Classic растворимый порошкообразный с добавлением натурального жареного молотого кофе, 900г;https://online.metro-cc.ru/products/900g-nescafe-classic;1 299;1 819;NESCAFE
110546;Кофе Bushido Black Katana в зернах, 1кг;https://online.metro-cc.ru/products/kofe-zernovoj-bushido-black-katana-1000g;2 699;2 699;BUSHIDO
104561;Кофе Fresco Blend в зернах, 1кг;https://online.metro-cc.ru/products/fresco-blend-1000g;1 149;1 299;FRESCO
62828;Кофе Julius Meinl Президент классическая коллекция в зернах, 1кг;https://online.metro-cc.ru/products/julius-meinl-prezident-1000g;1 499;1 789;JULIUS MEINL
654819;Кофе Julius Meinl Espresso Premium Collection в зернах, 1кг;https://online.metro-cc.ru/products/v-zernah-julius-meinl-espresso-premium-kollekciya-1000g;1 799;1 989;JULIUS MEINL
654820;Кофе Julius Meinl Caffe Crema Intenso Trend Collection в зернах, 1кг;https://online.metro-cc.ru/products/v-zernah-julius-meinl-krema-intenso-trend-kollekciya-1000g;1 349;1 669;JULIUS MEINL
36574;Кофе Bushido Red Katana в зернах, 1кг;https://online.metro-cc.ru/products/bushido-red-1000g;2 199;2 199;BUSHIDO
287770;RIOBA Кофе в зернах натуральный жареный Silver, 1кг;https://online.metro-cc.ru/products/rioba-v-zernah-naturalnyj-zharenyj-silver-1kg;1 049;1 449;RIOBA
665877;Кофе Ambassador Blue Label в зернах, 1кг;https://online.metro-cc.ru/products/ambassador-blue-label-zernovoj-1000-g;1 049;1 359;AMBASSADOR
230302;Кофе Monarch Original растворимый, 210г;https://online.metro-cc.ru/products/kofe-monarch-original-rastvorimyy-210g;499;729;MONARCH
133439;RIOBA Кофе в капсулах Dolce Gusto Capuccino 8 порций 16 капсул, 192г;https://online.metro-cc.ru/products/192g-kofe-v-kaps-rioba-dolce-gusto-cappuccino;379;519;RIOBA
365548;Кофе Alta Roma Espresso в зернах, 1кг;https://online.metro-cc.ru/products/kofe-alta-roma-espresso-v-zernakh-1kg;929;999;ALTA ROMA
224712;Кофе Monarch Intense растворимый, 95г;https://online.metro-cc.ru/products/95g-kofe-monarch-intense-rastvorimyy-st;289;359;MONARCH
230303;Кофе Monarch Original растворимый, 500г;https://online.metro-cc.ru/products/kofe-monarch-original-rastvorimyy-500g;1 149;1 699;MONARCH
59003;Кофе Bushido Sensei в зернах, 227г;https://online.metro-cc.ru/products/bushido-sensei-227g;699;699;BUSHIDO
654818;Кофе Julius Meinl Сaffe Crema Premium Collection в зернах, 1кг;https://online.metro-cc.ru/products/julius-meinl-krema-premium-1kg;1 699;2 089;JULIUS MEINL
224709;Кофе Monarch Original растворимый, 95г;https://online.metro-cc.ru/products/95g-kofe-monarch-original-rastvorimyy-st;289;359;MONARCH
44332;Кофе Egoiste Espresso в зернах, 1кг;https://online.metro-cc.ru/products/egoiste-espresso-1000g;1 599;2 349;EGOISTE
228292;Кофе Egoiste Truffle молотый, 250г;https://online.metro-cc.ru/products/250g-kofe-egoiste-truffle-molotyy;399;579;EGOISTE
133441;RIOBA Кофе в капсулах Dolce Gusto Latte Macciato 8 порций 16 капсул, 192г;https://online.metro-cc.ru/products/192g-kofe-v-kaps-rioba-dolce-gusto-latte-macc;399;519;RIOBA
619918;Кофе Nescafe Gold Barista растворимый сублимированный с добавлением натурального молотого кофе, 400г;https://online.metro-cc.ru/products/art-619918;1 249;1 859;NESCAFE
72533;Набор кофе в капсулах Coffesso для кофемашин Nespresso ассорти 50шт, 250г;https://online.metro-cc.ru/products/coffesso-nabor-v-kapsulah-50-sht-h-5-g;990;1 309;COFFESSO
8352;RIOBA Кофе в капсулах Dolce Gusto Americano 16шт, 112г;https://online.metro-cc.ru/products/rioba-dolce-gusto-americano-16sht;399;519;RIOBA
658721;Кофе Kimbo Caffe crema classico light в зернах, 1кг;https://online.metro-cc.ru/products/kimbo-dolche-krem-1kg;1 599;1 909;KIMBO
32456;Кофе Lavazza Qualita Oro молотый, 250г;https://online.metro-cc.ru/products/lavazza-naturalnyj-zharenyj-oro-250g;669;669;LAVAZZA
530966;RIOBA Кофе в капсулах Cremoso для кофемашин Nespresso 11шт, 55г;https://online.metro-cc.ru/products/rioba-dlya-kofemashin-cremoso-11x5g;229;329;RIOBA
228291;Кофе Egoiste Voyage в зернах, 1кг;https://online.metro-cc.ru/products/1kg-kofe-egoiste-voyage-v-zernah;1 699;2 219;EGOISTE
101497;Кофе Jardin Eclair в зернах, 1кг;https://online.metro-cc.ru/products/jardin-eclair-1000g;1 689;1 689;JARDIN
218718;Кофе Poetti Daily Mokka в зернах, 1кг;https://online.metro-cc.ru/products/1kg-kofe-poetti-daily-mokka-v-zernah;999;1 149;POETTI
388183;Кофе Dallmayr Ethiopia в зернах, 500г;https://online.metro-cc.ru/products/molotyj-dallmayr-efiopiya-500g;1 099;1 419;DALLMAYR
508640;Кофе Egoiste Noir молотый, 250г;https://online.metro-cc.ru/products/egoiste-naturalnyj-zharenyj-250g;499;669;EGOISTE
224737;Кофе Monarch Original растворимый, 190г;https://online.metro-cc.ru/products/190g-kofe-monarch-original-rastvorimyy-st;499;659;MONARCH
228285;Кофе Egoiste Captain в зернах, 1кг;https://online.metro-cc.ru/products/1kg-kofe-egoiste-captain-v-zernah;1 699;2 329;EGOISTE
218712;Кофе Poetti Leggenda Original в зернах, 1кг;https://online.metro-cc.ru/products/1kg-kofe-poetti-leggenda-original-v-zernah;1 399;1 669;POETTI
395462;Кофе Julius Meinl Президент в зернах, 500г;https://online.metro-cc.ru/products/julius-meinl-v-zernah-naturalnyj-zharenyj-president-500g;749;889;JULIUS MEINL
637204;Кофе в капсулах L’or Espresso Forza для кофемашин Nespresso 10шт, 52г;https://online.metro-cc.ru/products/l-rsquoor-espr-forza-52-g;379;399;L'OR
102232;Кофе Ambassador Gold Label в зернах, 1кг;https://online.metro-cc.ru/products/ambassador-gold-label-v-zernah-1000g;1 029;1 089;AMBASSADOR
586897;Кофе Lavazza Crema e Aroma натуральный жареный в зернах, 1кг;https://online.metro-cc.ru/products/lavazza-v-zernah-naturalnyj-zharenyj-crema-e-aroma-1kg;2 199;2 199;LAVAZZA
119136;Кофе в капсулах Jardin Vanillia Rich&Sweet для кофемашин Nespresso 10шт, 50г;https://online.metro-cc.ru/products/10h5g-jardin-vanillia;279;399;JARDIN
104610;Кофе Julius Meinl Юбилейный классическая коллекция в зернах, 1кг;https://online.metro-cc.ru/products/yubilejnyj-julius-meinl-1000g;1 599;1 869;JULIUS MEINL
243439;Кофе Monarch Gold растворимый, 500г;https://online.metro-cc.ru/products/kofe-monarch-gold-rastvorimyy-500g;1 199;1 549;MONARCH
218719;Кофе Poetti Daily Classic Crema в зернах, 1кг;https://online.metro-cc.ru/products/1kg-kofe-poetti-daily-classic-crema-v-zernah;1 119;1 339;POETTI
218720;Кофе Poetti Daily Arabica в зернах, 1кг;https://online.metro-cc.ru/products/1kg-kofe-poetti-daily-arabica-v-zernah;1 299;1 399;POETTI
530964;RIOBA Кофе в капсулах Decaffeinato без кофеина для кофемашин Nespresso 11шт, 55г;https://online.metro-cc.ru/products/rioba-dlya-kofemashin-decaffein-11x5g;229;329;RIOBA
32459;Кофе Lavazza Crema e Gusto Classico молотый, 250г;https://online.metro-cc.ru/products/lavazza-naturalnyj-zharenyj-crema-e-gusto-250g;469;469;LAVAZZA
218714;Кофе Poetti Leggenda Ruby в зернах, 1кг;https://online.metro-cc.ru/products/1kg-kofe-poetti-leggenda-ruby-v-zernah;1 399;1 669;POETTI
636528;Кофе Egoiste Velvet молотый, 200г;https://online.metro-cc.ru/products/egoiste-velvet-200g;429;569;EGOISTE
221908;Кофе в капсулах Lebo Espresso Collection для кофемашин Nespresso 40шт, 220г;https://online.metro-cc.ru/products/40shth55g-kofe-lebo-espresso-collection-banka;1 190;1 419;LEBO
530965;RIOBA Кофе в капсулах Armonioso для кофемашин Nespresso 11шт, 55г;https://online.metro-cc.ru/products/rioba-dlya-kofemashin-armonioso-10x5g;229;329;RIOBA
112992;Кофе Egoiste гранд крю в зернах, 1кг;https://online.metro-cc.ru/products/kofe-v-zernah-egoiste-grand-kryu-1kg;1 899;2 399;EGOISTE
530967;RIOBA Кофе в капсулах Forte для кофемашин Nespresso 11шт, 55г;https://online.metro-cc.ru/products/rioba-dlya-kofemashin-forte-11x5g;229;329;RIOBA
238564;Напиток кофейный Monarch Classic 3в1 растворимый (13.5г x 50шт), 675г;https://online.metro-cc.ru/products/napitok-kofeynyy-monarch-classic-3v1-rastvorimyy-135g-x-50sht-675g;589;939;MONARCH
226399;Кофе Московская кофейня на паяхъ Арабика растворимый сублимированный, 95г;https://online.metro-cc.ru/products/moskovskaya-kofejnya-na-payah-sublimirovannyj-arabika-95g;361;549;МОСКОВСКАЯ КОФЕЙНЯ НА ПАЯХЪ
632120;aro Кофе растворимый сублимированный, 900г;https://online.metro-cc.ru/products/aro-sublimirovannyj-900g;1 469;1 469;ARO
530968;RIOBA Кофе в капсулах Delicato для кофемашин Nespresso 11шт, 55г;https://online.metro-cc.ru/products/rioba-dlya-kofemashin-delicato-10x5g;229;329;RIOBA
241844;Кофе в капсулах Coffesso Capuccino Crema для кофемашин Dolce Gusto 16шт, 192г;https://online.metro-cc.ru/products/8shth8g8shth16g-kofe-coffesso-sappuccino-crema-kapsuly;459;559;COFFESSO
70170;Кофе Nescafe Classic растворимый, 190г;https://online.metro-cc.ru/products/nescafe-classic-paket-190g;293;293;NESCAFE
226465;Кофе Alta Roma Vero в зернах, 1кг;https://online.metro-cc.ru/products/kofe-alta-roma-vero-v-zernakh-1kg;1 299;1 379;ALTA ROMA
218639;Кофе Nescafe Classic Crema растворимый, 190г;https://online.metro-cc.ru/products/190g-kofe-nescafe-classic-crema-rastvorimyy-st-banka;369;419;NESCAFE
228295;Кофе Egoiste Truffle растворимый сублимированный, 95г;https://online.metro-cc.ru/products/kofe-egoiste-truffle-rastvorimyy-sublimirovannyy-95g;999;999;EGOISTE
439335;Кофе Fresco Arabica Solo растворимый, 100г;https://online.metro-cc.ru/products/fresco-arabika-100g;269;319;FRESCO
147698;aro Кофе растворимый сублимированный, 80г;https://online.metro-cc.ru/products/sublimirovannyj-aro-80g;189;189;ARO
8359;RIOBA Кофе в капсулах Dolce Gusto Grande Intenso 16шт, 112г;https://online.metro-cc.ru/products/rioba-dolce-gusto-grande-intenso-16sht;399;519;RIOBA
226341;Кофе Lebo Classic в зернах, 1кг;https://online.metro-cc.ru/products/1kg-kofe-lebo-classic-v-zernah;1 190;1 259;LEBO
230300;Кофе Monarch Velour растворимый, 95г;https://online.metro-cc.ru/products/kofe-monarch-velour-rastvorimyy-95g;269;295;MONARCH
561302;Кофе Jardin Americano Crema в зернах, 1кг;https://online.metro-cc.ru/products/jardin-americano-crema-1000-g;1 409;1 409;JARDIN
260443;Кофе Carte Noire Instinct растворимый, 95г;https://online.metro-cc.ru/products/art-260443;449;449;CARTE NOIRE
508637;Кофе Bushido Red Katana растворимый сублимированный, 100г;https://online.metro-cc.ru/products/art-508637;1 029;1 029;BUSHIDO
226397;Кофе Московская кофейня на паяхъ Суаре растворимый сублимированный, 95г;https://online.metro-cc.ru/products/moskovskaya-kofejnya-na-payah-sublimirovannyj-suare-95g;269;399;МОСКОВСКАЯ КОФЕЙНЯ НА ПАЯХЪ
629014;Кофе Kimbo Aroma Gold Arabica в зернах, 1кг;https://online.metro-cc.ru/products/kimbo-v-zernah-aroma-gold-arabica-1kg;2 199;2 629;KIMBO
224735;Кофе Monarch карамель растворимый, 95г;https://online.metro-cc.ru/products/95g-kofe-monarch-karamel-rastvorimyy-st;369;399;MONARCH
59004;Кофе Bushido Red Katana молотый, 227г;https://online.metro-cc.ru/products/art-59004;669;669;BUSHIDO
228781;Кофе Fresco Liberty в зернах, 900г;https://online.metro-cc.ru/products/900g-kofe-fresco-liberty-zerno;899;1 189;FRESCO
227973;Кофе Fresco Arabica blend молотый, 250г;https://online.metro-cc.ru/products/kofe-fresco-arabica-blend-molotyy-250g;299;339;FRESCO
221909;Кофе в капсулах Lebo Espresso Crema для кофемашин Nespresso 40 шт, 220г;https://online.metro-cc.ru/products/40shth55g-kofe-lebo-espresso-crema-banka;1 190;1 259;LEBO
221904;Кофе в капсулах Carraro Ristretto для кофемашин Nespresso 10шт, 55г;https://online.metro-cc.ru/products/10shtx55g-kofe-carraro-v-alyum-kapsulah-ristretto;369;439;CARRARO
72873;Кофе Egoiste Double Espresso, 100г;https://online.metro-cc.ru/products/egoiste-double-espresso-100g;429;649;EGOISTE
611606;Кофе Illy средней обжарки в зернах, 250г;https://online.metro-cc.ru/products/v-zernah-illy-srednej-obzharki-250g;1 149;1 149;ILLY
59575;Кофе Illy Etiopia arabica selection в зернах, 250г;https://online.metro-cc.ru/products/illy-arabika-selekshen-efiopiya-250-g;1 149;1 149;ILLY
133726;Напиток кофейный Nescafe Mild 3в1 20 пакетиков, 290г;https://online.metro-cc.ru/products/20x145g-kofejnyj-napitok-nescafe-3v1-myagkij;249;309;NESCAFE
123862;Кофе Kimbo Caffe Crema Dolce Medium в зернах, 1кг;https://online.metro-cc.ru/products/1kg-kimbo-caffe-crema-dolce-medium;1 999;2 159;KIMBO
44940;Кофе Dallmayr Espresso d`Oro в зернах, 1кг;https://online.metro-cc.ru/products/art-44940;1 889;2 359;DALLMAYR
218716;Кофе Poetti Leggenda Oro в зернах, 1кг;https://online.metro-cc.ru/products/1kg-kofe-poetti-leggenda-oro-v-zernah;1 399;1 669;POETTI
231688;Кофе Torabika капучино растворимый (25.5г x 20шт), 510г;https://online.metro-cc.ru/products/20shtx255g-kofe-torabica-kapuchino-rastvorimyy;329;349;TORABIKA
226340;Кофе Lebo Extra в зернах, 1кг;https://online.metro-cc.ru/products/1kg-kofe-lebo-extra-v-zernah;1 190;1 419;LEBO
599512;Кофе Ambassador Platinum в зернах, 1кг;https://online.metro-cc.ru/products/ambassador-naturalnyj-zharenyj-platinum-1kg;999;1 189;AMBASSADOR
57058;Напиток кофейный MacCoffee The Original coffee mix 3 в 1 растворимый 100 пакетиков, 2кг;https://online.metro-cc.ru/products/maccoffee-napitok-kofejnyj-porcionnyj-the-original-coffee-mix-3v1-100-20g;1 349;1 429;MACCOFFEE
215682;Кофе Jardin Oro в зернах, 1кг;https://online.metro-cc.ru/products/1kg-kofe-jardin-original-oro-zernovoy;1 699;1 699;JARDIN
70176;Кофе Nescafe Classic растворимый, 500г;https://online.metro-cc.ru/products/nescafe-classic-paket-500g;699;949;NESCAFE
531031;Кофе Alta Roma Intenso в зернах, 1кг;https://online.metro-cc.ru/products/kofe-alta-roma-intenso-v-zernakh-1kg;1 269;1 339;ALTA ROMA
376494;Кофе Kimbo Extra Cream в зернах, 1кг;https://online.metro-cc.ru/products/kimbo-extra-cream-v-zernah-1-kg;1 699;1 789;KIMBO
528358;Кофе Bushido Black Katana растворимый, 100г;https://online.metro-cc.ru/products/bushido-sublimirovannyj-black-katana-100g;1 039;1 039;BUSHIDO
235414;Кофе Miscela D'Oro Espresso Gran Crema в зернах, 1кг;https://online.metro-cc.ru/products/kofe-miscela-doro-espresso-gran-crema-v-zernah-1kg;2 499;2 649;MISCELA D'ORO
245277;Кофе Fresco Espresso Italiano зерновой, 900г;https://online.metro-cc.ru/products/kofe-fresco-espresso-italiano-zernovoy-900g;949;1 049;FRESCO
598959;Кофе Egoiste Noir растворимый сублимированный, 100г;https://online.metro-cc.ru/products/egoiste-sublimirovannyj-noir-100g;469;599;EGOISTE
553579;Кофе Egoiste Espresso натуральный молотый жареный, 250г;https://online.metro-cc.ru/products/art-553579;499;499;EGOISTE
60434;Кофе Kimbo Integrity Bio в зернах, 1кг;https://online.metro-cc.ru/products/kimbo-integrity-bio-1-kg;2 569;2 569;KIMBO
637203;Кофе в капсулах L’or Espresso Lungo Profondo для кофемашин Nespresso 10шт, 52г;https://online.metro-cc.ru/products/l-rsquoor-lungo-profondo-52-g;379;399;L'OR
238553;Кофе Monarch Original растворимый (1.8г x 30шт), 54г;https://online.metro-cc.ru/products/kofe-monarch-original-rastvorimyy-18g-x-30sht-54g;269;439;MONARCH
224739;Кофе Monarch Milligrano растворимый с добавлением молотого, 120г;https://online.metro-cc.ru/products/120g-kofe-monarch-miligrano-rastv-c-dob-molotogo;339;399;MONARCH
635596;Кофе Jardin Bravo Бразилия в зернах, 1кг;https://online.metro-cc.ru/products/jardin-bravo-braziliya-1kg;2 389;2 389;JARDIN
246067;Кофе Alta Roma Blend №3, 1кг;https://online.metro-cc.ru/products/1kg-kofe-alta-roma-blend-3-zernovoy;1 499;1 769;ALTA ROMA
223118;Кофе в капсулах Absolut Drive Latte Macchiato with caramel для кофемашин Dolce Gusto 16шт, 168г;https://online.metro-cc.ru/products/8shth6g8shth15g-kofe-absolut-latte-karamel-kapsuly-dg;419;469;ABSOLUT
526503;Кофе Fresco Arabica Doppio молотый в растворимом, 100г;https://online.metro-cc.ru/products/fresco-naturalnyj-s-dobavleniem-naturalnogo-zharenogo-molotogo-arabica-doppio-100g;269;319;FRESCO
232413;Кофе Жокей триумф растворимый (2г x 100шт), 200г;https://online.metro-cc.ru/products/100shth2g-kofe-zhokey-triumf-rastvorimyy;709;709;ЖОКЕЙ
469363;Кофе Jardin Guatemala Atitlan натуральный растворимый, 95г;https://online.metro-cc.ru/products/jardin-guatemala-atitlan-naturalnyj-95-g;251;251;JARDIN
228232;Кофе Piazza del Caffe Espresso Forte в зернах, 1кг;https://online.metro-cc.ru/products/1kg-kofe-piazza-del-caffe-espresso-forte-zerno;1 179;1 179;PIAZZA DEL CAFFE
133724;Напиток кофейный Nescafe Classic 3в1 20 пакетиков, 290г;https://online.metro-cc.ru/products/20x145g-kofejnyj-napitok-nescafe-3v1-klassik;249;309;NESCAFE
629008;Кофе Kimbo Intenso в зернах, 1кг;https://online.metro-cc.ru/products/kimbo-intenso-1kg;1 399;1 609;KIMBO
75973;Кофе Bushido Specialty молотый, 227г;https://online.metro-cc.ru/products/art-75973;599;739;BUSHIDO
75962;Кофе Bushido Specialty в зернах, 227г;https://online.metro-cc.ru/products/bushido-specialty-227g-75962;639;739;BUSHIDO
44941;Кофе Dallmayr Crema Prodomo в зернах, 1кг;https://online.metro-cc.ru/products/dallmayr-crema-prodomo-v-zernah-1000-g;1 999;2 419;DALLMAYR
508641;Кофе Egoiste Noir в зернах, 250г;https://online.metro-cc.ru/products/egoiste-naturalnyj-zharenyj-v-zernah-noir-250g;499;669;EGOISTE
530969;RIOBA Кофе в капсулах Intenso для кофемашин Nespresso 11шт, 55г;https://online.metro-cc.ru/products/rioba-dlya-kofemashin-intenso-11x5g;229;329;RIOBA
75654;Кофе Carte Noire Original растворимый сублимированный, 190г;https://online.metro-cc.ru/products/carte-noire-sublimirovannyj-original-190g;949;999;CARTE NOIRE
236657;Кофе Monarch Original жареный в зернах, 800г;https://online.metro-cc.ru/products/800g-kofe-monarch-original-zharenyy-v-zyornah;1 299;1 499;MONARCH
227971;Кофе Fresco Arabica blend растворимый, 190г;https://online.metro-cc.ru/products/kofe-fresco-arabica-blend-rastvorimyy-190g;449;529;FRESCO
494570;Кофе Jardin Colombia Supremo натуральный жареный в зернах, 1кг;https://online.metro-cc.ru/products/jardin-v-zernah-naturalnyj-zharenyj-colombia-supremo-1kg;1 809;1 809;JARDIN
376496;Кофе Kimbo Superior Blend натуральный жареный в зернах, 1кг;https://online.metro-cc.ru/products/kimbo-v-zernah-naturalnyj-zharenyj-superior-blend-1kg;1 899;2 099;KIMBO
373046;Кофе Жокей По-восточному молотый натуральный жареный, 250г;https://online.metro-cc.ru/products/art-373046;289;289;ЖОКЕЙ
238565;Напиток кофейный Monarch Strong 3в1 растворимый (13г x 50шт), 650г;https://online.metro-cc.ru/products/napitok-kofeynyy-monarch-strong-3v1-rastvorimyy-13g-x-50sht-650g;589;939;MONARCH
119138;Кофе в капсулах Jardin Andante Strong&Velvet для кофемашин Nespresso 10шт, 50г;https://online.metro-cc.ru/products/10h5g-jardin-andante;279;399;JARDIN
119139;Кофе в капсулах Jardin Ristretto Intense&Full Bodied для кофемашин Nespresso 10шт, 50г;https://online.metro-cc.ru/products/10h5g-jardin-ristretto;279;399;JARDIN
234392;Кофе Julius Meinl без кофеина зерновой, 500г;https://online.metro-cc.ru/products/kofe-julius-meinl-bez-kofeina-zernovoy-500g;1 779;1 779;JULIUS MEINL
226333;Кофе в капсулах Carte Noire Colombia Origin для кофемашин Nespresso 10шт, 52г;https://online.metro-cc.ru/products/10shth52g-kofe-carte-noire-colombia-origin-v-kapsulah;379;449;CARTE NOIRE
226933;Кофе Carraro Cafe crema в зернах, 1кг;https://online.metro-cc.ru/products/1kg-kofe-carraro-caffe-crema-v-zernah;1 599;1 759;CARRARO
226347;Кофе Carte Noire Voyage au Bresil растворимый, 90г;https://online.metro-cc.ru/products/90g-kofe-carte-noire-voyage-au-bresil-rastvorimyy-stb;479;559;CARTE NOIRE
226467;Кофе Alta Roma Caffe Latte молотый, 250г;https://online.metro-cc.ru/products/kofe-alta-roma-caffe-latte-molotiy-250g;279;293;ALTA ROMA
469362;Кофе Jardin Colombia Medellin натуральный растворимый сублимированный, 95г;https://online.metro-cc.ru/products/jardin-naturalnyj-sublimirovannyj-colombia-medellin-95g;251;251;JARDIN
209740;Кофе Bushido Light Katana растворимый, 100г;https://online.metro-cc.ru/products/100g-kofe-bushido-light-katana-rastvorimyy;1 059;1 059;BUSHIDO
228811;Кофе Fort в зернах, 1кг;https://online.metro-cc.ru/products/1kg-kofe-fort-zerno;769;809;FORT
459852;Кофе Жокей Триумф растворимый сублимированный, 150г;https://online.metro-cc.ru/products/zhokej-sublimirovannyj-triumf-150g;289;309;ЖОКЕЙ
463833;Кофе Ambassador Platinum растворимый, 190г;https://online.metro-cc.ru/products/ambassador-platinum-190g;489;489;AMBASSADOR
469367;Кофе Jardin Kenya Kilimanjaro растворимый, 95г;https://online.metro-cc.ru/products/jardin-kenya-kilimanjaro-95-g;251;251;JARDIN
226342;Кофе Lebo Gold в зернах, 1кг;https://online.metro-cc.ru/products/1kg-kofe-lebo-gold-v-zernah;1 499;1 789;LEBO
298849;Кофе Dallmayr Prodomo жареный в зернах, 500г;https://online.metro-cc.ru/products/dallmayr-v-zernah-naturalnyj-zharenyj-prodomo-500g;999;1 229;DALLMAYR
130173;Кофе Egoiste Double Espresso растворимый, 70г;https://online.metro-cc.ru/products/egoiste-double-espresso-70g;249;329;EGOISTE
604157;Кофе Nescafe Gold растворимый сублимированный, 500г;https://online.metro-cc.ru/products/nescafe-sublimirovannyj-gold-500g;1 099;1 399;NESCAFE
221902;Кофе в капсулах Carraro Dolci arabica для кофемашин Nespresso 10шт, 55г;https://online.metro-cc.ru/products/10shtx55g-kofe-carraro-v-alyum-kapsulah-dolci-arabica;369;439;CARRARO
33501;Кофе Nescafe Gold растворимый, 130г;https://online.metro-cc.ru/products/nescafe-gold-rastvorimyj-130g-paket;399;419;NESCAFE
246066;Кофе Alta Roma Blend №1, 1кг;https://online.metro-cc.ru/products/1kg-kofe-alta-roma-blend-1-zernovoy;1 399;1 529;ALTA ROMA
226934;Кофе Italco Espresso Italiano в зернах, 1кг;https://online.metro-cc.ru/products/1kg-kofe-italco-espresso-italiano-v-zernah;1 499;1 789;ITALCO
223097;Кофе в капсулах Absolut Drive Espresso Original для кофемашин Dolce Gusto16шт, 96г;https://online.metro-cc.ru/products/16shth6g-kofe-absolut-espresso-kapsuly-dg;419;469;ABSOLUT
246068;Кофе Alta Roma Blend №5, 1кг;https://online.metro-cc.ru/products/kofe-alta-roma-blend-5-1kg;1 369;1 499;ALTA ROMA
218717;Кофе Poetti Leggenda Espresso в зернах, 1кг;https://online.metro-cc.ru/products/1kg-kofe-poetti-leggenda-espresso-v-zernah;1 399;1 669;POETTI
76036;Кофе в капсулах Jacobs Espresso №10 Intenso для кофемашин Nespresso 10шт, 52г;https://online.metro-cc.ru/products/jacobs-espresso-10-intenso-10sht;297;297;JACOBS
8486;RIOBA Кофе в капсулах Dolce Gusto Espresso 16шт, 112г;https://online.metro-cc.ru/products/rioba-dolce-gusto-espresso-16sht;399;519;RIOBA
235415;Кофе Miscela D'Oro Espresso Gusto Classico в зернах, 1кг;https://online.metro-cc.ru/products/kofe-miscela-doro-espresso-gusto-classico-v-zernah-1kg;2 399;2 749;MISCELA D'ORO
228238;Кофе Jardin Гватемала Атитлан растворимый, 75г;https://online.metro-cc.ru/products/75g-kofe-jardin-gvatemala-atitlan-rastvorimyy;242;242;JARDIN
221905;Кофе в капсулах Carraro Decerato для кофемашин Nespresso 10шт, 55г;https://online.metro-cc.ru/products/10shtx55g-kofe-carraro-v-alyum-kapsulah-decerato;389;439;CARRARO
227974;Кофе Fresco Arabica solo молотый для чашек и турок, 250г;https://online.metro-cc.ru/products/kofe-fresco-arabica-solo-molotyy-dlya-chashek-i-turok-250g;299;329;FRESCO
119132;Кофе Жокей Ирландские сливки молотый, 150г;https://online.metro-cc.ru/products/150g-zhokej-irlandskie-slivki-mol;359;359;ЖОКЕЙ
228235;Кофе Jardin Gold растворимый, 190г;https://online.metro-cc.ru/products/190g-kofe-jardin-gold-rastvorimyy-stb;699;699;JARDIN
384608;Кофе Julius Meinl Юбилейный в зернах, 500г;https://online.metro-cc.ru/products/julius-meinl-v-zernah-naturalnyj-zharenyj-jubileum-500g;799;799;JULIUS MEINL
228231;Кофе Piazza del Caffe Crema Vellutata в зернах, 1кг;https://online.metro-cc.ru/products/1kg-kofe-piazza-del-caffe-crema-vellutata-zerno;1 239;1 239;PIAZZA DEL CAFFE
459849;Кофе Jardin Colombia Medelin растворимый сублимированный, 150г;https://online.metro-cc.ru/products/jardin-sublimirovannyj-colombia-medelin-150g;479;479;JARDIN
241736;Кофе Coffesso Allure зерновой, 1кг;https://online.metro-cc.ru/products/1kg-kofe-coffesso-allure-zerno;1 199;1 429;COFFESSO
218711;Кофе Poetti Leggenda Original в зернах, 250г;https://online.metro-cc.ru/products/250g-kofe-poetti-leggenda-original-v-zernah;399;429;POETTI
228778;Кофе Fresco Horeca arabica в зернах, 1кг;https://online.metro-cc.ru/products/1kg-kofe-fresco-horeca-arabica-zerno;1 099;1 419;FRESCO
590985;Кофе Egoiste Very Special растворимый сублимированный, 100г;https://online.metro-cc.ru/products/egoiste-sublimirovannyj-very-special-100g;899;899;EGOISTE
456926;Кофе Dallmayr Crema d'Oro натуральный жареный в зернах, 1кг;https://online.metro-cc.ru/products/dallmayr-v-zernah-naturalnyj-zharenyj-crema-d-039oro-1kg;2 299;2 299;DALLMAYR
208702;Кофе Lavazza Expert Crema-Aroma в зернах, 1кг;https://online.metro-cc.ru/products/1kg-kofe-lavazza-expert-cremaaroma-v-zernah;2 209;2 209;LAVAZZA
246069;Кофе Alta Roma Rwanda зерновой, 1кг;https://online.metro-cc.ru/products/1kg-kofe-alta-roma-rwanda-zernovoy;2 199;2 349;ALTA ROMA
220012;Кофе Julius Meinl Espresso Deluxe в зернах, 1кг;https://online.metro-cc.ru/products/1kg-kofe-julius-meinl-espresso-deluxe-zerno;2 379;2 379;JULIUS MEINL
59569;Кофе Illy Brazil arabica selection в зернах, 250г;https://online.metro-cc.ru/products/illy-arabika-250-g;1 149;1 149;ILLY
637205;Кофе в капсулах L’or Espresso Splendente для кофемашин Nespresso 10шт, 52г;https://online.metro-cc.ru/products/lor-espresso-52-g;379;399;L'OR
32458;Кофе Lavazza Qualita Rossa молотый, 250г;https://online.metro-cc.ru/products/lavazza-rossa-250g;559;559;LAVAZZA
32457;Кофе Lavazza Espresso Italiano Classico молотый, 250г;https://online.metro-cc.ru/products/lavazza-naturalnyj-zharenyj-espresso-250g;729;729;LAVAZZA
230024;Кофе Illy без кофеина в зернах, 250г;https://online.metro-cc.ru/products/kofe-illy-bez-kofeina-zernovoy-250g;1 149;1 369;ILLY
228421;Кофе Verle Decaf в дрип-пакетах 6шт, 66г;https://online.metro-cc.ru/products/6shth11g-kofe-verle-decaf-v-drip-paketah;429;429;VERLE
433965;Кофе Nescafe Gold растворимый, 190г;https://online.metro-cc.ru/products/nescafe-gold-190g;599;699;NESCAFE
133725;Напиток кофейный Nescafe Strong 3в1 20 пакетиков, 290г;https://online.metro-cc.ru/products/20x145g-kofejnyj-napitok-nescafe-3v1-krepkij;249;309;NESCAFE
229954;Кофе Nescafe Classic растворимый порошкообразный с добавлением натурального жареного молотого кофе, 750г;https://online.metro-cc.ru/products/750g-kofe-nescafe-classic-rastvorimyy;1 709;1 709;NESCAFE
227302;Кофе Черная Карта молотый для турки, 250г;https://online.metro-cc.ru/products/250-kofe-chernaya-karta-molotyy-dlya-turki;199;237;ЧЕРНАЯ КАРТА
226466;Кофе Alta Roma Caffe Latte в зернах, 1кг;https://online.metro-cc.ru/products/kofe-alta-roma-caffe-latte-v-zernakh-1kg;989;1 059;ALTA ROMA
241741;Кофе Coffesso Colombia Tinto молотый (10г x 5шт), 50г;https://online.metro-cc.ru/products/5shth10g-kofe-coffesso-colombia-tinto-molotyy-drip-paket;199;213;COFFESSO
238899;Кофе Jardin Mocaccino 3в1 (18г x 8шт), 144г;https://online.metro-cc.ru/products/8shth18g-kofe-jardin-mokachino-3v1;289;289;JARDIN
235416;Кофе Miscela D'Oro Espresso Robusto в зернах, 1кг;https://online.metro-cc.ru/products/kofe-miscela-doro-espresso-robusto-v-zernah-1kg;1 699;1 949;MISCELA D'ORO
107074;Кофе Carraro Primo Mattino в зернах, 1кг;https://online.metro-cc.ru/products/v-zernah-carraro-primo-mattino-1-kg;1 599;1 789;CARRARO
505974;Кофе Черная Карта в зернах, 1кг;https://online.metro-cc.ru/products/chernaya-karta-paketirovannyj-1kg;949;1 049;ЧЕРНАЯ КАРТА
226335;Кофе в капсулах Carte Noire Lungo Profond для кофемашин Nespresso 10шт, 52г;https://online.metro-cc.ru/products/10shth52g-kofe-carte-noire-lungo-profond-v-kapsulah;379;449;CARTE NOIRE
533474;Кофе Jardin Espresso di Milano натуральный молотый жареный, 250г;https://online.metro-cc.ru/products/jardin-naturalnyj-zharenyj-espresso-di-milano-250g;469;469;JARDIN
119135;Кофе в капсулах Jardin Allonge Smooth&Silky для кофемашин Nespresso 10шт, 50г;https://online.metro-cc.ru/products/10h5g-jardin-allonge;279;399;JARDIN
101496;Кофе Jardin Dessert Capuccino в зернах, 1кг;https://online.metro-cc.ru/products/jardin-dessert-capuccino-1000g;1 689;1 689;JARDIN
629006;Кофе Kimbo Espresso в зернах, 1кг;https://online.metro-cc.ru/products/kimbo-espresso-v-zernah-1-kg;1 899;1 999;KIMBO
407891;Кофе Egoiste Special растворимый сублимированный с молотым, 100г;https://online.metro-cc.ru/products/egoiste-sublimirovannnyj-s-molotym-special-100g;899;899;EGOISTE
219223;Кофе Coferium Strong в зернах, 1кг;https://online.metro-cc.ru/products/1kg-kofe-coferium-strong-v-zernah;929;979;COFERIUM
231689;Кофе Torabika Creamy Latte растворимый (30г x 20шт), 600г;https://online.metro-cc.ru/products/20shtx30g-kofe-torabica-creamy-latte-rastvorimyy;339;379;TORABIKA
241738;Кофе Coffesso Ethiopia Origin молотый (10г x 5шт), 50г;https://online.metro-cc.ru/products/5shth10g-kofe-coffesso-ethiopia-origin-molotyy-drip-paket;199;213;COFFESSO
107073;Кофе Carraro Crema Italiano в зернах, 1кг;https://online.metro-cc.ru/products/v-zernah-caffe-carraro-crema-italiano-1-kg;1 599;1 769;CARRARO
206309;Кофе Origo Professional Star эспрессо в зернах, 1кг;https://online.metro-cc.ru/products/1kg-kofe-origo-professional-star-espresso-zerno;2 159;2 159;ORIGO
231690;Кофе Torabika Brown растворимый (25г x 20шт), 500г;https://online.metro-cc.ru/products/20shtx25g-kofe-torabica-braun-rastvorimyy;279;293;TORABIKA
230296;Кофе Monarch Gold растворимый, 190г;https://online.metro-cc.ru/products/kofe-monarch-gold-rastvorimyy-190g;599;709;MONARCH
228419;Кофе Verle Central America в дрип-пакетах 6шт, 66г;https://online.metro-cc.ru/products/6shth11g-kofe-verle-central-america-v-drip-paketah;399;399;VERLE
124058;Кофе Nescafe Classic растворимый, 320г;https://online.metro-cc.ru/products/320g-nescafe-classic-paket;499;569;NESCAFE
654817;Кофе Julius Meinl Trend Collection Espresso Classico в зернах, 1кг;https://online.metro-cc.ru/products/julius-meinl-espresso-trend-1kg;1 499;1 679;JULIUS MEINL
8415;Кофе Nescafe Gold растворимый, 190г;https://online.metro-cc.ru/products/nescafe-sublimirovannyj-gold-190g;539;799;NESCAFE
243162;Кофе Живой кофе Mokka Африка зерновой, 800г;https://online.metro-cc.ru/products/800g-zhivoy-kofe-mokka-afrika-zerno;1 669;1 669;ЖИВОЙ КОФЕ
226521;Напиток кофейный MacCoffee 3в1 со сгущенным молоком порционный (20г x 10шт), 200г;https://online.metro-cc.ru/products/10shth20g-kofe-maccoffee-3v1-sguschennoe-moloko-portsionnyy;129;136;MACCOFFEE
637206;Кофе в капсулах L’or Espresso Delizioso для кофемашин Nespresso 10шт, 52г;https://online.metro-cc.ru/products/lor-espresso-delizioso-52-g;379;399;L'OR
223096;Кофе в капсулах Absolut Drive Americano Original для кофемашин Dolce Gusto 16шт, 128г;https://online.metro-cc.ru/products/16shth8g-kofe-absolut-amerikano-kapsuly-dg;399;469;ABSOLUT
43053;Кофе Lavazza Qualita Oro молотый, 250г;https://online.metro-cc.ru/products/lavazza-naturalnyj-zharenyj-oro-250g-43053;719;719;LAVAZZA
666412;Кофе Carte Noire Privilege сублимированный, 95г;https://online.metro-cc.ru/products/carte-noire-privilege-sublimirovannyj-95-g;499;499;CARTE NOIRE
636530;Кофе Egoiste Espresso в зернах, 250г;https://online.metro-cc.ru/products/egoiste-espresso-250g;499;639;EGOISTE
226348;Кофе Carte Noire Elegant растворимый, 95г;https://online.metro-cc.ru/products/95g-kofe-carte-noire-elegant-rastvorimyy-stb;479;559;CARTE NOIRE
655858;Кофе Jacobs Espresso жареный в зернах, 1кг;https://online.metro-cc.ru/products/jacobs-espresso-zernovoj-1kg;1 409;1 409;JACOBS
633254;Кофе Jardin Эспрессо ди Милано в зернах, 1кг;https://online.metro-cc.ru/products/jardin-v-zernah-naturalnyj-zharenyj-espresso-di-milano-1kg;1 409;1 409;JARDIN
219222;Кофе Coferium White roast в зернах, 1кг;https://online.metro-cc.ru/products/1kg-kofe-coferium-white-roast-v-zernah;1 199;1 469;COFERIUM
240200;Кофе Monarch Crema натуральный жареный в зернах, 1кг;https://online.metro-cc.ru/products/1kg-kofe-monarch-crema-zharenyy-v-zyornah;1 399;1 909;MONARCH
224738;Кофе Monarch Original растворимый, 47.5г;https://online.metro-cc.ru/products/475g-kofe-monarch-original-rastvorimyy-st;179;237;MONARCH
238552;Кофе Monarch Original растворимый, 75г;https://online.metro-cc.ru/products/kofe-monarch-original-rastvorimyy-75g;239;279;MONARCH
228420;Кофе Verle Africa в дрип-пакетах 6шт, 66г;https://online.metro-cc.ru/products/6shth11g-kofe-verle-africa-v-drip-paketah;439;439;VERLE
112991;Кофе Carraro Qualita Oro в зернах, 500г;https://online.metro-cc.ru/products/v-zernah-carraro-qualita-oro-500-g;1 229;1 229;CARRARO
241733;Кофе Coffesso Massimo зерновой, 1кг;https://online.metro-cc.ru/products/1kg-kofe-coffesso-massimo-zerno;1 319;1 579;COFFESSO
119137;Кофе в капсулах Jardin Vivo Mild&Fruity для кофемашин Nespresso 10шт, 50г;https://online.metro-cc.ru/products/10h5g-jardin-vivo;279;399;JARDIN
201556;Кофе Carte Noire Intense Absolu в зернах, 800г;https://online.metro-cc.ru/products/800g-kofe-carte-noire-intense-absolu-zernovoy;1 199;1 329;CARTE NOIRE
77948;Кофе Julius Meinl Эспрессо в зернах, 500г;https://online.metro-cc.ru/products/julius-meinl-v-zernah-naturalnyj-zharenyj-president-grande-espresso-500g;1 439;1 439;JULIUS MEINL
226339;Кофе Lebo Принц Лебо молотый для турки, 100г;https://online.metro-cc.ru/products/100g-kofe-lebo-prints-lebo-molotyy-dturki;119;130;LEBO
209743;Кофе Egoiste Private растворимый, 100г;https://online.metro-cc.ru/products/100g-kofe-egoiste-private-rastvorimyy;1 099;1 099;EGOISTE
634928;Кофе Черная Карта в зернах, 250г;https://online.metro-cc.ru/products/250g-kofe-chernaya-karta-zerno;249;295;ЧЕРНАЯ КАРТА
415027;Кофе Nescafe Gold растворимый, 95г;https://online.metro-cc.ru/products/nescafe-gold-steklo-95g-415027;319;319;NESCAFE
226344;Кофе в капсулах Lebo Americano для кофемашин Dolce Gusto 16шт, 136г;https://online.metro-cc.ru/products/16shth85g-kofe-lebo-americano-v-kapsulah;629;689;LEBO
70210;Кофе Nescafe Classic растворимый, 95г;https://online.metro-cc.ru/products/nescafe-classic-naturalnyj-st-b-95g;219;239;NESCAFE
238558;Кофе Monarch Miligrano растворимый с молотым, 70г;https://online.metro-cc.ru/products/kofe-monarch-miligrano-rastvorimyy-s-molotym-70g;249;389;MONARCH
551849;Кофе Nescafe Classic Crema растворимый, 95г;https://online.metro-cc.ru/products/nescafe-classic-crema-95-g;239;239;NESCAFE
221910;Кофе в капсулах Lebo Espresso Italiano для кофемашин Nespresso 40шт, 220г;https://online.metro-cc.ru/products/40shth55g-kofe-lebo-espresso-italiano-banka;1 190;1 259;LEBO
219193;Кофе Coferium Gold selection в зернах, 1кг;https://online.metro-cc.ru/products/1kg-kofe-coferium-gold-selection-v-zernah;1 190;1 319;COFERIUM
221911;Кофе в капсулах Lebo Espresso Milky для кофемашин Nespresso 40шт, 220г;https://online.metro-cc.ru/products/40shth55g-kofe-lebo-espresso-milky-banka;1 190;1 259;LEBO
611603;Кофе Illy темная обжарка молотый, 250г;https://online.metro-cc.ru/products/illy-temnaya-obzharka-250g;1 149;1 149;ILLY
230293;Кофе Monarch Day&Night декофеинизированный растворимый, 95г;https://online.metro-cc.ru/products/kofe-monarch-daynight-dekofeinizirovannyy-rastvorimyy-95g;369;409;MONARCH
423210;Кофе Fresco Arabica Blend натуральный растворимый, 100г;https://online.metro-cc.ru/products/fresco-naturalnyj-arabica-blend-100g;269;319;FRESCO
228441;Кофе в капсулах Verle Classic Decaf для кофемашин Nespresso 10шт, 55г;https://online.metro-cc.ru/products/kofe-verle-classic-decaf-v-kapsulah-55g-x-10sht-55g;389;389;VERLE
528357;Кофе Egoiste Platinum, 100г;https://online.metro-cc.ru/products/egoiste-platinum-100-g;1 099;1 099;EGOISTE
59000;Кофе Egoiste Velvet растворимый, 95г;https://online.metro-cc.ru/products/egoiste-velvet-95g;1 099;1 099;EGOISTE
241842;Кофе в капсулах Coffesso Latte Macchiato для кофемашин Dolce Gusto 16шт, 172г;https://online.metro-cc.ru/products/8shth55g8shth16g-kofe-coffesso-latte-macchiato-kapsuly;459;549;COFFESSO
241739;Кофе Coffesso Brazil Alto молотый (10г x 5шт), 50г;https://online.metro-cc.ru/products/5shth10g-kofe-coffesso-brazil-alto-molotyy-drip-paket;199;237;COFFESSO
100815;Кофе в капсулах Julius Meinl Espresso Crema Bio для кофемашин Nespresso 10шт, 56г;https://online.metro-cc.ru/products/julius-meinl-espresso-krema-10sht;449;569;JULIUS MEINL
636529;Кофе Egoiste Velvet в зернах, 200г;https://online.metro-cc.ru/products/egoiste-velvet-200-g;429;679;EGOISTE
229159;Кофе Tchibo Gold selection растворимый, 95г;https://online.metro-cc.ru/products/95g-kofe-tchibo-gold-selection-rastvorimyy-stb;289;329;TCHIBO
125674;Кофе Lebo Classic молотый для турки, 100г;https://online.metro-cc.ru/products/100g-lebo-classic-dlya-turki;109;130;LEBO CLASSIC
232416;Кофе Жокей крепкий растворимый 3в1 (12г x 50шт), 600г;https://online.metro-cc.ru/products/50shth12g-kofe-zhokey-krepkiy-3v1-rastvorimyy;459;459;ЖОКЕЙ
615407;Кофе Jardin Americano Crema натуральный жареный молотый, 250г;https://online.metro-cc.ru/products/jardin-almericano-crema-naturalnyj-zharenyj-250g;489;489;JARDIN
230304;Кофе Monarch Milligrano растворимый с молотым, 90г;https://online.metro-cc.ru/products/kofe-monarch-milligrano-rastvorimyy-s-molotym-90g;299;339;MONARCH
226523;Напиток кофейный MacCoffee Latte карамель порционный (22г x 20шт), 440г;https://online.metro-cc.ru/products/20shth22g-kofe-maccoffee-latte-karamel-portsionnyy;299;369;MACCOFFEE
59006;Кофе Egoiste Noir растворимый, 70г;https://online.metro-cc.ru/products/egoiste-noir-70g;309;399;EGOISTE
534998;Кофе Жокей Империал натуральный растворимый сублимированный, 150г;https://online.metro-cc.ru/products/zhokej-imperial-150g;299;299;ЖОКЕЙ
238884;Кофе Jardin Капучино 3в1 (18г x 8шт), 144г;https://online.metro-cc.ru/products/8shth18g-kofe-jardin-kapuchino-3v1;269;269;JARDIN
119131;Кофе Жокей По-восточному молотый, 450г;https://online.metro-cc.ru/products/450g-zhokej-po-vostochnomu-mol;449;739;ЖОКЕЙ
469154;Кофе Черная Карта Brasilia Exclusive растворимый сублимированный, 95г;https://online.metro-cc.ru/products/chernaya-karta-sublimirovannyj-brasilia-exclusive-95g;269;283;ЧЕРНАЯ КАРТА
229730;Кофе Monarch Original растворимый, 130г;https://online.metro-cc.ru/products/kofe-monarch-original-rastvorimyy-130g;449;609;MONARCH
59005;Кофе Bushido Red Katana в зернах, 227г;https://online.metro-cc.ru/products/art-59005;679;679;BUSHIDO
228236;Кофе Jardin Gold растворимый, 95г;https://online.metro-cc.ru/products/95g-kofe-jardin-gold-rastvorimyy-stb;329;329;JARDIN
632162;aro Кофе 3в1 классик (100 пакетиков x 16г), 1.6кг;https://online.metro-cc.ru/products/aro-3v1-klassik-100h16g;699;699;ARO
214904;Кофе Fresco Arabica Blend в зернах, 200г;https://online.metro-cc.ru/products/200g-kofe-fresco-arabica-blend-zerno;359;359;FRESCO
228436;Кофе в капсулах Verle Classic Solid для кофемашин Nespresso 10шт, 55г;https://online.metro-cc.ru/products/kofe-verle-classic-solid-v-kapsulah-55g-x-10sht-55g;359;359;VERLE
217498;Кофе Черная Карта молотый жареный, 250г;https://online.metro-cc.ru/products/250g-kofe-chernaya-karta-molotyy-zharenyy;239;251;ЧЕРНАЯ КАРТА
226338;Напиток кофейный Carte Noire Vanilla latte растворимый 20 пакетиков, 320г;https://online.metro-cc.ru/products/20shth16g-nap-kofeynyy-carte-noire-vanilla-latte-rastv-ports;499;639;CARTE NOIRE
226345;Кофе в капсулах Lebo Cappuccino для кофемашин Dolce Gusto 16шт, 172г;https://online.metro-cc.ru/products/8shth65g8shth15g-kofe-lebo-cappuccino-v-kapsulah;599;689;LEBO
226509;Кофе MacCoffee Arabica растворимый, 100г;https://online.metro-cc.ru/products/100g-kofe-maccoffee-arabica-rastvorimyy-stb;249;297;MACCOFFEE
125675;Кофе Lebo Classic Extra молотый для турки, 100г;https://online.metro-cc.ru/products/100g-lebo-extra-dlya-turki;129;136;LEBO CLASSIC
228230;Кофе Jardin Original Oro молотый, 250г;https://online.metro-cc.ru/products/250g-kofe-jardin-original-oro-molotyy;589;589;JARDIN
230298;Кофе Monarch Brazilian Selection растворимый, 180г;https://online.metro-cc.ru/products/kofe-monarch-brazilian-selection-rastvorimyy-180g;599;709;MONARCH
373043;Кофе Jardin Dessert Сup молотый натуральный жареный, 250г;https://online.metro-cc.ru/products/jardin-naturalnyj-zharenyj-dessert-sup-250g;559;559;JARDIN
226346;Кофе в капсулах Lebo Latte macchiato для кофемашин Dolce Gusto 16шт, 172г;https://online.metro-cc.ru/products/8shth65g8shth15g-kofe-lebo-latte-macchiato-v-kapsulah;599;689;LEBO
238895;Кофе Jardin Латте 3в1 (18г x 8шт), 144г;https://online.metro-cc.ru/products/8shth18g-kofe-jardin-latte-3v1;287;287;JARDIN
241845;Кофе в капсулах Coffesso Americano Gold для кофемашин Dolce Gusto 16шт, 128г;https://online.metro-cc.ru/products/16shth8g-kofe-coffesso-americano-gold-kapsuly;459;549;COFFESSO
234805;Кофе Жокей классический 3в1 растворимый (12г x 50шт), 600г;https://online.metro-cc.ru/products/kofe-zhokey-klassicheskiy-3v1-rastvorimyy-12g-x-50sht-600g;529;529;ЖОКЕЙ
99542;Кофе Nescafe Gold Aroma Intenso растворимый, 85г;https://online.metro-cc.ru/products/kofe-nescafe-gold-aroma-intens-rastvorimyj-poroshkoobraznyj-85-g;299;499;NESCAFE
223100;Кофе в капсулах Absolut Drive Cappuccino with milk для кофемашин Dolce Gusto 16шт, 184г;https://online.metro-cc.ru/products/8shth6g8shth17g-kofe-absolut-kapuchino-kapsuly-dg;419;469;ABSOLUT
232899;Кофе D'Arte Light растворимый, 100г;https://online.metro-cc.ru/products/100g-kofe-darte-light-rastvorimyy;399;469;D'ARTE
229162;Кофе Tchibo Gold selection растворимый, 150г;https://online.metro-cc.ru/products/150g-kofe-tchibo-gold-selection-rastvorimyy;399;449;TCHIBO
228242;Кофе Жокей Gold растворимый, 95г;https://online.metro-cc.ru/products/95g-kofe-zhokey-gold-rastvorimyy-stb;319;319;ЖОКЕЙ
218638;Кофе Nescafe Classic растворимый, 190г;https://online.metro-cc.ru/products/190g-kofe-nescafe-classic-rastvorimyy-stekl-banka;349;419;NESCAFE
224714;Кофе Monarch Gold растворимый, 95г;https://online.metro-cc.ru/products/95g-kofe-monarch-gold-rastvorimyy-st;359;379;MONARCH
231667;Кофе Monarch Brazilian Selection молотый, 230г;https://online.metro-cc.ru/products/230g-kofe-monarch-brazilian-selection-molotyy;349;389;MONARCH
248729;Кофе Carte Noire растворимый сублимированный (1.8г x 30шт), 54г;https://online.metro-cc.ru/products/30shtx18g-kofe-carte-noire-rastvorimyy-sublimirovannyy;399;399;CARTE NOIRE
637202;Кофе в капсулах L’or Espresso Ristretto для кофемашин Nespresso 10шт, 52г;https://online.metro-cc.ru/products/l-rsquoor-ristretto-52-g;379;399;L'OR
228440;Кофе в капсулах Verle Classic Mousse для кофемашин Nespresso 10шт, 55г;https://online.metro-cc.ru/products/kofe-verle-classic-mousse-v-kapsulah-55g-x-10sht-55g;359;359;VERLE
495117;Кофе Nescafe Gold Barista растворимый, 85г;https://online.metro-cc.ru/products/nescafe-gold-v-rastvorimom-barista-85g;339;359;NESCAFE
373045;Кофе Жокей классический молотый натуральный жареный, 250г;https://online.metro-cc.ru/products/zhokej-naturalnyj-zharenyj-klassicheskij-250g;359;359;ЖОКЕЙ
226505;Кофе MacCoffee Gold растворимый, 100г;https://online.metro-cc.ru/products/100g-kofe-maccoffee-gold-rastvorimyy-stb;229;297;MACCOFFEE
230301;Кофе Monarch Crema растворимый, 95г;https://online.metro-cc.ru/products/kofe-monarch-crema-rastvorimyy-95g;349;399;MONARCH
226524;Напиток кофейный MacCoffee Capuccino Dolce Vita порционный (24г x 20шт), 480г;https://online.metro-cc.ru/products/20shth24g-kofe-maccoffee-cappuccino-dolce-vita-portsionnyy;299;369;MACCOFFEE
240385;Кофе в капсулах Monarch Espresso 7 Classico для кофемашин Nespresso 10шт, 52г;https://online.metro-cc.ru/products/10shth52g-kofe-monarch-espresso-7-classico-molotyy-kapsuly;299;369;MONARCH
228243;Кофе Жокей Imperial растворимый, 75г;https://online.metro-cc.ru/products/75g-kofe-zhokey-imper-rastvorimyy;216;216;ЖОКЕЙ
224734;Кофе Monarch Original жареный молотый, 230г;https://online.metro-cc.ru/products/230g-kofe-monarch-original-zharenyy-molotyy;369;369;MONARCH
228239;Кофе Jardin Колумбия Меделлин растворимый, 75г;https://online.metro-cc.ru/products/75g-kofe-jardin-kolumbiya-medellin-rastvorimyy;276;276;JARDIN
238894;Кофе Jardin Американо 3в1 (15г x 8шт), 120г;https://online.metro-cc.ru/products/8shth15g-kofe-jardin-amerikano-3v1;289;289;JARDIN
228237;Кофе Jardin Kenya Kilimanjaro растворимый, 75г;https://online.metro-cc.ru/products/75g-kofe-jardin-keniya-kilimandzharo-rastvorimyy;236;236;JARDIN
599055;Кофе Жокей Импер растворимый, 95г;https://online.metro-cc.ru/products/art-599055;259;259;ЖОКЕЙ
420359;Кофе Жокей Триумф растворимый сублимированный, 95г;https://online.metro-cc.ru/products/zhokej-triumf-95g;293;293;ЖОКЕЙ
50642;Кофе Жокей Caffe Italiano молотый, 250г;https://online.metro-cc.ru/products/art-50642;359;359;ЖОКЕЙ
220013;Кофе Julius Meinl Cafe Crema Gourmet в зернах, 1кг;https://online.metro-cc.ru/products/1kg-kofe-julius-meinl-cafe-crema-gourmet-zerno;1 859;1 859;JULIUS MEINL
117405;Кофе в капсулах Julius Meinl Lungo Classico Bio для кофемашин Nespresso 10шт, 56г x 10 шт;https://online.metro-cc.ru/products/56g-10-julius-meinl-v-biorazl-kaps-lungo-klassiko;5 290;5 290;JULIUS MEINL
228234;Кофе Jardin Gold растворимый, 240г;https://online.metro-cc.ru/products/240g-kofe-jardin-gold-rastvorimyy;769;769;JARDIN
112990;Кофе Carraro Arabica 100% в зернах, 500г;https://online.metro-cc.ru/products/v-zernah-carraro-arabica-100-500-g;1 349;1 539;CARRARO
616531;Кофе Жокей Фаворит растворимый гранулированный, 75г;https://online.metro-cc.ru/products/zhokej-favorit-granulirovannyj150-g;297;297;ЖОКЕЙ
228240;Кофе Жокей Триумф растворимый, 280г;https://online.metro-cc.ru/products/280g-kofe-zhokey-triumf-rastvorimyy;549;769;ЖОКЕЙ
228244;Кофе Жокей Фаворит растворимый, 95г;https://online.metro-cc.ru/products/95g-kofe-zhokey-favorit-rastvorimyy-stb;263;263;ЖОКЕЙ
246091;Кофе Живой кофе мокка молотый, 200г;https://online.metro-cc.ru/products/kofe-zhivoy-kofe-mokka-molotyy-200g;299;419;ЖИВОЙ КОФЕ
248730;Кофе Monarch капучино растворимый (15г x 20шт), 300г;https://online.metro-cc.ru/products/20shth15g-kofe-monarch-kapuchino-rastvorimyy;699;699;MONARCH
119134;Кофе Jardin Columbia Supremo молотый, 250г;https://online.metro-cc.ru/products/250g-jardin-kolumbiya-supremo-mol;669;669;JARDIN
119130;Кофе Жокей Классический молотый, 450г;https://online.metro-cc.ru/products/450g-zhokej-klassicheskij-mol;449;739;ЖОКЕЙ
235419;Кофе Miscela D'Oro Espresso Intenso в зернах, 1кг;https://online.metro-cc.ru/products/kofe-miscela-doro-espresso-intenso-v-zernah-1kg;1 599;1 839;MISCELA D'ORO
232417;Кофе Jardin Colombia Medellin растворимый, 240г;https://online.metro-cc.ru/products/240g-kofe-jardin-colombia-medellin-rastvorimyy;549;929;JARDIN
220015;Кофе Julius Meinl Espresso Gran Aroma в зернах, 1кг;https://online.metro-cc.ru/products/1kg-kofe-julius-meinl-espresso-gran-aroma-zerno;1 859;1 859;JULIUS MEINL
18346;Кофе Carte Noire Instinct растворимый, 95г x 6 шт;https://online.metro-cc.ru/products/art-18346;2 634;2 634;CARTE NOIRE
611605;Кофе Illy средней обжарки молотый, 250г;https://online.metro-cc.ru/products/illy-srednej-obzharki-250g;1 149;1 149;ILLY
218710;Кофе Poetti Daily Mokka молотый, 250г;https://online.metro-cc.ru/products/250g-kofe-poetti-daily-mokka-molotyy;269;319;POETTI
125676;Кофе Lebo Classic молотый для турки, 200г;https://online.metro-cc.ru/products/200g-lebo-classic-dlya-turki;219;262;LEBO CLASSIC
243173;RIOBA Кофе в капсулах Dolce Gusto Grande Intenso 16шт, 112г х 3 шт;https://online.metro-cc.ru/products/rioba-kofe-v-kapsulah-dolce-gusto-grande-intenso-16sht-112g-h-3-sht;1 587;1 587;RIOBA
59570;Кофе Illy Guatemala arabica selection в зернах, 250г;https://online.metro-cc.ru/products/v-zernah-illy-guatemala-zh-b-250-g;1 149;1 149;ILLY
231666;Кофе Monarch Brazilian Selection в зернах, 800г;https://online.metro-cc.ru/products/800g-kofe-monarch-brazilian-selection-zerno;1 090;1 159;MONARCH
243445;Кофе L’or Crema Absolu Classique в зернах, 1кг;https://online.metro-cc.ru/products/kofe-lor-crema-absolu-classique-v-zernah-1kg;2 029;2 029;L'OR
230305;Кофе Monarch Original растворимый, 270г;https://online.metro-cc.ru/products/kofe-monarch-original-rastvorimyy-270g;699;749;MONARCH
243175;RIOBA Кофе в капсулах Dolce Gusto Latte Macciato 8 порций 16 капсул, 192г х 3 шт;https://online.metro-cc.ru/products/rioba-kofe-v-kapsulah-dolce-gusto-latte-macciato-8-portsiy-16-kapsul-192g-h-3-sht;1 587;1 587;RIOBA
224846;Кофе MacCoffee Capuccino Di torino растворимый (25.5г x 20шт), 510г;https://online.metro-cc.ru/products/20shtx255g-kofe-maccoffee-cappuccino-di-torino-rastv;349;449;MACCOFFEE
243165;RIOBA Кофе в капсулах Dolce Gusto Americano 16шт, 112г х 3 шт;https://online.metro-cc.ru/products/rioba-kofe-v-kapsulah-dolce-gusto-americano-16sht-112g-h-3-sht;1 587;1 587;RIOBA
208703;Кофе Lavazza Expert Gusto Pieno в зернах, 1кг;https://online.metro-cc.ru/products/1kg-kofe-lavazza-expert-gusto-pieno-v-zernah;1 869;1 869;LAVAZZA
243172;RIOBA Кофе в капсулах Dolce Gusto Espresso 16шт, 112г х 3 шт;https://online.metro-cc.ru/products/rioba-kofe-v-kapsulah-dolce-gusto-espresso-16sht-112g-h-3-sht;1 587;1 587;RIOBA
230306;Кофе Monarch Milligrano растворимый с молотым, 200г;https://online.metro-cc.ru/products/kofe-monarch-milligrano-rastvorimyy-s-molotym-200g;509;509;MONARCH
120509;RIOBA Кофе в капсулах Cremoso для кофемашин Nespresso 11шт, 55г x 10 шт;https://online.metro-cc.ru/products/rioba-dlya-kofemashin-cremoso-11x5g-120509;2 790;2 790;RIOBA
120510;RIOBA Кофе в капсулах Armonioso для кофемашин Nespresso 11шт, 55г x 10 шт;https://online.metro-cc.ru/products/rioba-dlya-kofemashin-armonioso-10x5g-120510;2 790;2 790;RIOBA
581767;Кофе Carte Noire Original в зернах 800 г;https://online.metro-cc.ru/products/carte-noire-v-zernah-naturalnyj-zharenyj-800g;1 249;1 329;CARTE NOIRE
224736;Кофе Monarch Лесной орех растворимый, 95г;https://online.metro-cc.ru/products/95g-kofe-monarch-lesnoy-oreh-rastvorimyy-st;369;399;MONARCH
100813;Кофе в капсулах Julius Meinl Lungo Classico Bio для кофемашин Nespresso 10шт, 56г;https://online.metro-cc.ru/products/julius-meinl-lungo-classico-10-56g;449;569;JULIUS MEINL
426450;Кофе Carte Noire Original растворимый сублимированный, 150г;https://online.metro-cc.ru/products/carte-noire-sublimirovannyj-original-150g;789;789;CARTE NOIRE
227972;Кофе Fresco Arabica Solo растворимый, 190г;https://online.metro-cc.ru/products/kofe-fresco-arabica-solo-rastvorimyy-190g;449;519;FRESCO
241737;Кофе Coffesso Classico молотый (9г x 5шт), 45г;https://online.metro-cc.ru/products/5shth9g-kofe-coffesso-classico-molotyy-drip-paket;169;202;COFFESSO
243174;RIOBA Кофе в капсулах Dolce Gusto Capuccino 8 порций 16 капсул, 192г х 3 шт;https://online.metro-cc.ru/products/rioba-kofe-v-kapsulah-dolce-gusto-capuccino-8-portsiy-16-kapsul-192g-h-3-sht;1 587;1 587;RIOBA
76039;Кофе в капсулах Jacobs Espresso №7 Classico для кофемашин Nespresso 10шт, 52г;https://online.metro-cc.ru/products/jacobs-espresso-7-classico-10sht;297;297;JACOBS
544095;Кофе Жокей Традиционный в зернах, 900г;https://online.metro-cc.ru/products/zhokej-tradicionnyj-900g;1 289;1 289;ЖОКЕЙ
236646;Кофе Monarch Original жареный в зернах, 230г;https://online.metro-cc.ru/products/230g-kofe-monarch-original-zharenyy-v-zyornah;349;469;MONARCH
218856;Кофе Carte Noire Crema Delice в зернах, 800г;https://online.metro-cc.ru/products/800g-kofe-carte-noire-crema-delice-zerno;1 329;1 329;CARTE NOIRE
230025;Кофе Illy без кофеина молотый, 250г;https://online.metro-cc.ru/products/kofe-illy-bez-kofeina-molotyy-250g;1 149;1 269;ILLY
426443;Кофе Carte Noire Original растворимый сублимированный, 75г;https://online.metro-cc.ru/products/art-426443;399;419;CARTE NOIRE
611604;Кофе Illy темная обжарка в зернах, 250г;https://online.metro-cc.ru/products/v-zernah-illy-temnaya-obzharka-250g;1 149;1 149;ILLY
218855;Кофе Carte Noire Original молотый, 230г;https://online.metro-cc.ru/products/230g-kofe-carte-noire-original-molotyy;439;469;CARTE NOIRE
234393;Кофе Julius Meinl Melange Венская коллекция молотый, 220г;https://online.metro-cc.ru/products/kofe-julius-meinl-melange-venskaya-kollektsiya-molotyy-220g;709;709;JULIUS MEINL
232898;Кофе D'Arte Original растворимый, 100г;https://online.metro-cc.ru/products/100g-kofe-darte-original-rastvorimyy;399;469;D'ARTE
226337;Напиток кофейный Carte Noire Cappuccino растворимый 20 пакетиков, 300г;https://online.metro-cc.ru/products/20shth15g-nap-kofeynyy-carte-noire-cappuccino-rastv-ports;499;639;CARTE NOIRE
666415;Кофе Julius Meinl Юбилейный молотый, 250г;https://online.metro-cc.ru/products/yubilejnyj-julius-meinl-250-g;569;569;JULIUS MEINL
122285;Кофе в капсулах Lavazza Qualita Oro для кофемашин Nespresso 10шт, 55г;https://online.metro-cc.ru/products/10h55g-lavazza-qualita-oro;589;589;LAVAZZA
226343;Кофе Lebo Classic в зернах, 250г;https://online.metro-cc.ru/products/250g-kofe-lebo-classic-v-zernah;299;349;LEBO
215436;Кофе Lebo Classic Original жареный в зернах, 100г;https://online.metro-cc.ru/products/100g-kofe-lebo-original-zharenyy-v-zernah;129;154;LEBO CLASSIC
44435;Кофе Dallmayr Classic молотый, 250г;https://online.metro-cc.ru/products/dallmayr-classic-250-g;509;509;DALLMAYR
599071;Кофе Jardin Kenya Kilimanjaro растворимый сублимированный, 150г;https://online.metro-cc.ru/products/jardin-kenya-kilimanjaro-sublimirovannyj-150g;479;479;JARDIN
221903;Кофе в капсулах Carraro Intenso для кофемашин Nespresso 10шт, 55г;https://online.metro-cc.ru/products/10shtx55g-kofe-carraro-v-alyum-kapsulah-intenso;369;439;CARRARO
228241;Кофе Жокей Триумф растворимый, 75г;https://online.metro-cc.ru/products/75g-kofe-zhokey-triumf-rastvorimyy;207;207;ЖОКЕЙ
229165;Кофе Tchibo Gold selection молотый, 250г;https://online.metro-cc.ru/products/250g-kofe-tchibo-gold-selection-molotyy;279;329;TCHIBO
232415;Кофе Жокей триумф растворимый, 450г;https://online.metro-cc.ru/products/450g-kofe-zhokey-triumf-rastvorimyy;1 189;1 189;ЖОКЕЙ
117362;Кофе в капсулах L’or Espresso Delizioso для кофемашин Nespresso 10шт, 52г x 10 шт;https://online.metro-cc.ru/products/52g-l-rsquoor-espr-delizioso;3 990;3 990;L'OR
246092;Кофе Живой кофе Rio-Rio молотый, 200г;https://online.metro-cc.ru/products/200g-zhivoy-kofe-rio-rio-molotyy;299;399;ЖИВОЙ КОФЕ
616877;Кофе Egoiste Noir в зернах, 250г x 12 шт;https://online.metro-cc.ru/products/egoiste-noir-zernovoj-250g;8 028;8 028;EGOISTE
120511;RIOBA Кофе в капсулах Decaffeinato без кофеина для кофемашин Nespresso 11шт, 55г x 10 шт;https://online.metro-cc.ru/products/rioba-dlya-kofemashin-decaffein-11x5g-120511;2 790;2 790;RIOBA
243161;Кофе Живой кофе Rio-Rio Бразилия зерновой, 800г;https://online.metro-cc.ru/products/800g-zhivoy-kofe-rio-rio-braziliya-zerno;1 519;1 519;ЖИВОЙ КОФЕ
232419;Кофе Jardin Guatemala Atitlan растворимый, 190г;https://online.metro-cc.ru/products/190g-kofe-jardin-guatemala-atitlan-rastvorimyy-stb;449;819;JARDIN
624061;Кофе Жокей классический в зернах, 900г;https://online.metro-cc.ru/products/art-624061;1 499;1 499;ЖОКЕЙ
19743;Кофе Nescafe Gold Barista растворимый, 85г x 6 шт;https://online.metro-cc.ru/products/nescafe-gold-molotyj-v-rastvorimom-barista-85g;2 034;2 034;NESCAFE
31887;Кофе Bushido Kodo растворимый, 95г x 9 шт;https://online.metro-cc.ru/products/bushido-kodo-rastvorimyj-95g;8 901;8 901;BUSHIDO
246090;Кофе Живой кофе арабика зерновой, 800г;https://online.metro-cc.ru/products/kofe-zhivoy-kofe-arabika-zernovoy-800g;999;1 709;ЖИВОЙ КОФЕ
120486;RIOBA Кофе в капсулах Forte для кофемашин Nespresso 11шт, 55г x 10 шт;https://online.metro-cc.ru/products/rioba-dlya-kofemashin-forte-10x5g-120486;2 790;2 790;RIOBA
551816;Кофе Nescafe Classic Crema растворимый, 95г x 12 шт;https://online.metro-cc.ru/products/nescafe-classic-crema-95-g-;2 988;2 988;NESCAFE
120485;RIOBA Кофе в капсулах Delicato для кофемашин Nespresso 11шт, 55г x 10 шт;https://online.metro-cc.ru/products/rioba-dlya-kofemashin-delicato-10x5g-120485;2 790;2 790;RIOBA
302173;aro Кофе растворимый сублимированный, 80г x 2 шт;https://online.metro-cc.ru/products/aro-sublimirovannyj-80g-2-sht;318;318;ARO
31894;Кофе Egoiste Noir растворимый сублимированный, 100г х 12 шт;https://online.metro-cc.ru/products/carte-noire-egoist-rastvorimyj-sublimirovannyj-100-g;7 188;7 188;EGOISTE
29181;Кофе Nescafe Gold растворимый сублимированный с добавлением натурального жареного молотого кофе, 750г x 6 шт;https://online.metro-cc.ru/products/nescafe-gold-rastvorimyj-sublimirovannyj-750g;12 594;12 594;NESCAFE
120484;RIOBA Кофе в капсулах Intenso для кофемашин Nespresso 11шт, 55г x 10 шт;https://online.metro-cc.ru/products/rioba-dlya-kofemashin-intenso-11x5g-120484;2 790;2 790;RIOBA
459854;Кофе Jardin Guatemala Atitlan растворимый, 150г;https://online.metro-cc.ru/products/jardin-guatemala-atitlan-150g;479;479;JARDIN
31895;Кофе Egoiste Arabica Premium натуральный жареный в зернах, 1кг x 4 шт;https://online.metro-cc.ru/products/v-zernah-egoiste-noir-100-arabika-1kg;8 396;8 396;EGOISTE
616876;Кофе Egoiste Noir молотый, 250г x 12 шт;https://online.metro-cc.ru/products/egoiste-noir-250g;8 028;8 028;EGOISTE
240370;Кофе в капсулах Monarch Espresso 10 Intenso для кофемашин Nespresso 10шт, 52г;https://online.metro-cc.ru/products/10shth52g-kofe-monarch-espresso-10-intenso-molotyy-kapsuly;299;339;MONARCH
117387;Набор кофе в капсулах Coffesso для кофемашин Nespresso ассорти 50шт, 250г x 6 шт;https://online.metro-cc.ru/products/50h5g-coffesso-nabor;6 594;6 594;COFFESSO
120512;Кофе в капсулах L’or Espresso Forza для кофемашин Nespresso 10шт, 52г x 10 шт;https://online.metro-cc.ru/products/v-alyuminievyh-l-rsquoor-espresso-forza-10-shtuk-po-52-g;3 990;3 990;L'OR
247918;Кофе Poetti Professional Aroma Vending зерновой, 1кг;https://online.metro-cc.ru/products/1kg-kofe-poetti-professional-aroma-vending-zernovoy;1 279;1 279;POETTI
117382;Кофе в капсулах L’or Espresso Ristretto для кофемашин Nespresso 10шт, 52г x 10 шт;https://online.metro-cc.ru/products/52g-l-rsquoor-ristretto;3 990;3 990;L'OR
240369;Кофе в капсулах Monarch Lungo 8 Intenso для кофемашин Nespresso 10шт, 52г;https://online.metro-cc.ru/products/10shth52g-kofe-monarch-lungo-8-intenso-molotyy-kapsuly;299;369;MONARCH
117381;Кофе в капсулах L’or Espresso Splendente для кофемашин Nespresso 10шт, 52г x 10 шт;https://online.metro-cc.ru/products/52g-l-rsquoor-espr-splendent;3 990;3 990;L'OR
240369;Кофе в капсулах Monarch Lungo 8 Intenso для кофемашин Nespresso 10шт, 52г;https://online.metro-cc.ru/products/10shth52g-kofe-monarch-lungo-8-intenso-molotyy-kapsuly;299;369;MONARCH
